id,parcela_id,anio,mes,monto,pagado,fecha_pago,metodo,created_at,trasladado_a_deuda
"fd976419-2d40-487d-9c74-94a5bc13f485","9a7a1737-4d0a-46ff-abeb-6faa7aa89a28","2026","8","30000","true","2026-08-14","","2026-08-14T00:39:15.758611+00:00","false"
"debe4762-66d4-4905-95f2-b2b91d314d84","fbd835c7-fed6-40e0-8321-2a55adb3c738","2026","8","30000","false","","","2026-08-14T02:17:25.920058+00:00","false"
"39ac3b7f-84a9-4ce4-84b7-7e28ad751a10","bcfa57b4-1c39-4f20-8d47-5c89e23e50ea","2026","8","30000","true","2026-08-28","","2026-08-14T02:17:31.771833+00:00","false"
"ea6f0231-f32f-4693-bc21-644ad33381b2","ed3908f5-6d4d-41fc-81d3-7ff598f3baed","2026","8","30000","true","2026-08-28","","2026-08-14T02:17:32.039877+00:00","false"
"644e09de-d7c2-4889-b01d-6305458114fb","ed3908f5-6d4d-41fc-81d3-7ff598f3baed","2026","9","30000","true","2026-08-28","","2026-08-28T10:25:38.999312+00:00","false"
"125f8d8b-f99b-4dc1-b1e1-a8ab94bc72bf","ed3908f5-6d4d-41fc-81d3-7ff598f3baed","2026","10","30000","true","2026-08-28","","2026-08-28T10:25:50.751588+00:00","false"
"fd633fab-430c-466c-b6e2-e62d38dcafab","15f8b34c-5d82-488d-a209-cbc6dcdb25d4","2026","8","30000","true","2026-08-30","","2026-08-14T02:17:28.592313+00:00","false"
"ab4edf48-370d-4193-8fbb-8773f4238b2e","8f107ea4-2415-415b-8fdb-bafd74b0b696","2026","8","30000","true","2026-08-30","","2026-08-13T23:43:20.389289+00:00","false"
"aa252517-9238-4e9d-bf70-eff39fc63ec4","60f61830-9efb-468c-89e8-da7d8b40e0c7","2026","8","30000","true","2026-08-30","","2026-08-14T02:17:27.550372+00:00","false"
"f23cbf33-d414-4dbd-8e78-57d183a2111b","30bc78ed-7346-4bf8-959a-3934be17ed44","2026","8","30000","true","2026-08-30","","2026-08-14T02:17:28.056246+00:00","false"
"fe7dfc83-8219-4020-ad61-1bb987ab6370","a67e5fe0-1f5e-42da-a5b4-b255ead495cf","2026","8","30000","true","2026-08-30","","2026-08-14T02:17:29.127843+00:00","false"
"37a8711b-0dba-4ba2-b034-749248c28482","d398b60c-2aa0-4e3f-9913-f5b9f767b37c","2026","8","30000","true","2026-08-30","","2026-08-14T02:17:33.316629+00:00","false"
"bcbe9edd-f433-4902-878a-92d0b8fa1717","b4b75898-32a0-4e52-8649-b0be328e6634","2026","8","30000","false","","","2026-08-14T02:17:26.743424+00:00","false"
"f06092d1-f77d-498f-ae26-d8b4b52ab158","f40a1be0-039b-48e2-89ca-f1eed506211d","2026","8","30000","false","","","2026-08-14T02:17:27.021107+00:00","false"
"468d1da8-127b-4064-a1f8-13f26760e7af","7c38575d-ab38-4bfb-a2fa-5649079245c0","2026","8","30000","false","","","2026-08-14T02:17:29.400264+00:00","false"
"0111a6e2-9e99-4eb7-b044-b14cd8e57a15","a82b703f-9adc-4aa6-8401-5ce3c1165361","2026","8","30000","false","","","2026-08-14T02:17:27.274235+00:00","false"
"5e14e04e-e896-4eeb-a99b-4f0c95af21ba","5e3734bb-ea2b-4776-ab37-470327398002","2026","8","30000","false","","","2026-08-14T02:17:29.673244+00:00","false"
"24644d26-b018-4a48-bc50-a1c60403044a","af2265eb-0485-4488-93ee-faeba35bee35","2026","8","30000","false","","","2026-08-14T02:17:29.947785+00:00","false"
"e960d6e0-e05a-4356-88b3-597c8b87abe3","a89ba7e5-bc9a-4968-b532-025ec4d3db4a","2026","8","30000","false","","","2026-08-14T02:17:27.800349+00:00","false"
"d887c449-7d33-4ffd-a2e1-3143fb364f87","ef8cfe68-29b4-402f-b141-5e15c94d252d","2026","8","30000","false","","","2026-08-14T02:17:26.195156+00:00","false"
"cf22be36-e3ec-4ec2-8cea-9ffc48f18254","067e8ac4-d357-425a-b8c3-0a87ac96761b","2026","8","30000","false","","","2026-08-14T02:17:26.456603+00:00","false"
"7c2fe72f-5078-4587-a4b7-5bb32d39a782","3c71cafd-d957-424e-a954-bf17b9e24657","2026","8","30000","false","","","2026-08-14T02:17:28.323262+00:00","false"
"d4598c47-ae53-4575-9d48-ba81eceed37b","b935a24e-d570-42c8-a979-b5b80a7445f3","2026","8","30000","false","","","2026-08-14T02:17:30.478002+00:00","false"
"80958d66-2a63-4a13-8472-baabd247bf52","7b39e3be-d05d-419d-9d50-bb6ca3038a63","2026","8","30000","false","","","2026-08-14T02:17:30.736595+00:00","false"
"a4ab63d2-24d9-4327-8b8a-35bdf1b2e9df","5feecbe7-6306-4b51-856b-01fb00b480ac","2026","8","30000","true","2026-08-14","","2026-08-14T02:17:30.209793+00:00","false"
"04d6765d-15a0-44a0-a4bc-04eeb5b53da7","f4930060-14c2-405e-b572-7bff5a4056d2","2026","8","30000","false","","","2026-08-14T02:17:31.008762+00:00","false"
"f60eca07-94a4-4ef5-b78a-dbefec710efc","0807a17c-688f-4dba-86ea-3660a9086506","2026","8","30000","false","","","2026-08-14T02:17:31.264001+00:00","false"
"8280af94-f7d8-460b-91a2-02b9bbb0325b","2949ffef-f0d0-4694-986d-1d3c741ef2be","2026","8","30000","false","","","2026-08-14T02:17:33.579452+00:00","false"
"cd3e841f-8e4f-409f-8f63-bc2004478921","6a8e8890-e26a-43ad-94b3-efe7796f505b","2026","8","30000","false","","","2026-08-14T02:17:28.861049+00:00","false"
"1d8df436-3a6c-49ea-8e4d-8a0fa4ae0c78","4fd9eb76-7b0d-4e08-a420-9c9d25554f23","2026","8","30000","false","","","2026-08-14T02:17:31.512861+00:00","false"
"51f4a46b-32be-42c7-9a76-301d5bcd7100","5da5ff4f-c27e-4403-8c38-758cf4d84259","2026","8","30000","false","","","2026-08-14T02:17:33.849783+00:00","false"
"ef6dbfa6-8258-424b-b8c8-f60ec46b4ae1","0cf272dc-95b7-4d12-993a-f9e5d86a3c70","2026","8","30000","false","","","2026-08-14T02:17:34.096823+00:00","false"
"70aad802-abc3-4666-9316-adf2ab70cbf2","f9a95c60-1eb8-4275-871e-b219398b5867","2026","8","30000","false","","","2026-08-14T02:17:34.361942+00:00","false"
"f746dfaf-b3b0-4e8e-b0d5-1fd40cd73f75","6897c93e-adf1-45bd-b106-bcc38e147224","2026","8","30000","false","","","2026-08-14T02:17:34.603496+00:00","false"
"59d9dfad-43ef-456b-b164-b2439d7b62cd","5e020e67-bf05-442f-b2ad-647c42e4c209","2026","8","30000","false","","","2026-08-14T02:17:34.834603+00:00","false"
"303d1f71-9ae8-4dbf-b154-6bf72a59aff2","c38ca2f7-3b42-47ee-997c-bf9580786af9","2026","8","30000","false","","","2026-08-14T02:17:35.109109+00:00","false"
"1102edc4-2bc3-42e8-84ef-e6fb6f979bfe","93183a81-9fba-454f-9e0c-20c9e774d404","2026","8","30000","false","","","2026-08-14T02:17:32.290588+00:00","false"
"749be702-1bdb-4ab8-a49a-c8336fb925fc","3b23bf51-ad5e-4962-94f5-604a90e6adbf","2026","8","30000","false","","","2026-08-14T02:17:32.538306+00:00","false"
"8ce7e230-3a2e-441e-ae2b-446a768a14d2","5b219614-3678-4f4f-9ac8-44270d871475","2026","8","30000","false","","","2026-08-14T02:17:32.81793+00:00","false"
"09e6935f-1ffd-4226-b8b4-9309b4096fd6","7dd1909e-06cf-49a7-bf90-f6ab182bd6d8","2026","8","30000","false","","","2026-08-14T02:17:33.079594+00:00","false"