id,condominio_id,numero,nombre,responsable,rut,contacto,created_at,deuda_historica
"9a7a1737-4d0a-46ff-abeb-6faa7aa89a28","2783a53c-d84a-4cb0-b17a-999943a335f5","18","Parcela 18","","","","2026-08-13T23:12:59.330882+00:00","0"
"5e020e67-bf05-442f-b2ad-647c42e4c209","2783a53c-d84a-4cb0-b17a-999943a335f5","37","Parcela 37","","","","2026-08-13T23:12:59.330882+00:00","1230000"
"30bc78ed-7346-4bf8-959a-3934be17ed44","2783a53c-d84a-4cb0-b17a-999943a335f5","10","Parcela 10","","","","2026-08-13T23:12:59.330882+00:00","0"
"15f8b34c-5d82-488d-a209-cbc6dcdb25d4","2783a53c-d84a-4cb0-b17a-999943a335f5","12","Parcela 12","","","","2026-08-13T23:12:59.330882+00:00","0"
"a67e5fe0-1f5e-42da-a5b4-b255ead495cf","2783a53c-d84a-4cb0-b17a-999943a335f5","14","Parcela 14","","","","2026-08-13T23:12:59.330882+00:00","0"
"93183a81-9fba-454f-9e0c-20c9e774d404","2783a53c-d84a-4cb0-b17a-999943a335f5","27","Parcela 27","","","","2026-08-13T23:12:59.330882+00:00","30000"
"5b219614-3678-4f4f-9ac8-44270d871475","2783a53c-d84a-4cb0-b17a-999943a335f5","29","Parcela 29","","","","2026-08-13T23:12:59.330882+00:00","1020000"
"7dd1909e-06cf-49a7-bf90-f6ab182bd6d8","2783a53c-d84a-4cb0-b17a-999943a335f5","30","Parcela 30","","","","2026-08-13T23:12:59.330882+00:00","1230000"
"bcfa57b4-1c39-4f20-8d47-5c89e23e50ea","2783a53c-d84a-4cb0-b17a-999943a335f5","25","Parcela 25","","","","2026-08-13T23:12:59.330882+00:00","210000"
"ed3908f5-6d4d-41fc-81d3-7ff598f3baed","2783a53c-d84a-4cb0-b17a-999943a335f5","26","Parcela 26","","","","2026-08-13T23:12:59.330882+00:00","270000"
"fbd835c7-fed6-40e0-8321-2a55adb3c738","2783a53c-d84a-4cb0-b17a-999943a335f5","2","Parcela 2","","","","2026-08-13T23:12:59.330882+00:00","240000"
"ef8cfe68-29b4-402f-b141-5e15c94d252d","2783a53c-d84a-4cb0-b17a-999943a335f5","3","Parcela 3","","","","2026-08-13T23:12:59.330882+00:00","85041"
"067e8ac4-d357-425a-b8c3-0a87ac96761b","2783a53c-d84a-4cb0-b17a-999943a335f5","4","Parcela 4","","","","2026-08-13T23:12:59.330882+00:00","30000"
"b4b75898-32a0-4e52-8649-b0be328e6634","2783a53c-d84a-4cb0-b17a-999943a335f5","5","Parcela 5","","","","2026-08-13T23:12:59.330882+00:00","1230000"
"f40a1be0-039b-48e2-89ca-f1eed506211d","2783a53c-d84a-4cb0-b17a-999943a335f5","6","Parcela 6","","","","2026-08-13T23:12:59.330882+00:00","1230000"
"a82b703f-9adc-4aa6-8401-5ce3c1165361","2783a53c-d84a-4cb0-b17a-999943a335f5","7","Parcela 7","","","","2026-08-13T23:12:59.330882+00:00","278581"
"a89ba7e5-bc9a-4968-b532-025ec4d3db4a","2783a53c-d84a-4cb0-b17a-999943a335f5","9","Parcela 9","","","","2026-08-13T23:12:59.330882+00:00","270000"
"3c71cafd-d957-424e-a954-bf17b9e24657","2783a53c-d84a-4cb0-b17a-999943a335f5","11","Parcela 11","","","","2026-08-13T23:12:59.330882+00:00","613125"
"6a8e8890-e26a-43ad-94b3-efe7796f505b","2783a53c-d84a-4cb0-b17a-999943a335f5","13","Parcela 13","","","","2026-08-13T23:12:59.330882+00:00","1230000"
"7c38575d-ab38-4bfb-a2fa-5649079245c0","2783a53c-d84a-4cb0-b17a-999943a335f5","15","Parcela 15","","","","2026-08-13T23:12:59.330882+00:00","30000"
"5e3734bb-ea2b-4776-ab37-470327398002","2783a53c-d84a-4cb0-b17a-999943a335f5","16","Parcela 16","","","","2026-08-13T23:12:59.330882+00:00","300000"
"af2265eb-0485-4488-93ee-faeba35bee35","2783a53c-d84a-4cb0-b17a-999943a335f5","17","Parcela 17","","","","2026-08-13T23:12:59.330882+00:00","30000"
"d398b60c-2aa0-4e3f-9913-f5b9f767b37c","2783a53c-d84a-4cb0-b17a-999943a335f5","31","Parcela 31","","","","2026-08-13T23:12:59.330882+00:00","0"
"b935a24e-d570-42c8-a979-b5b80a7445f3","2783a53c-d84a-4cb0-b17a-999943a335f5","20","Parcela 20","","","","2026-08-13T23:12:59.330882+00:00","600000"
"7b39e3be-d05d-419d-9d50-bb6ca3038a63","2783a53c-d84a-4cb0-b17a-999943a335f5","21","Parcela 21","","","","2026-08-13T23:12:59.330882+00:00","300000"
"f4930060-14c2-405e-b572-7bff5a4056d2","2783a53c-d84a-4cb0-b17a-999943a335f5","22","Parcela 22","","","","2026-08-13T23:12:59.330882+00:00","1230000"
"0807a17c-688f-4dba-86ea-3660a9086506","2783a53c-d84a-4cb0-b17a-999943a335f5","23","Parcela 23","","","","2026-08-13T23:12:59.330882+00:00","30000"
"4fd9eb76-7b0d-4e08-a420-9c9d25554f23","2783a53c-d84a-4cb0-b17a-999943a335f5","24","Parcela 24","","","","2026-08-13T23:12:59.330882+00:00","30000"
"3b23bf51-ad5e-4962-94f5-604a90e6adbf","2783a53c-d84a-4cb0-b17a-999943a335f5","28","Parcela 28","","","","2026-08-13T23:12:59.330882+00:00","30000"
"2949ffef-f0d0-4694-986d-1d3c741ef2be","2783a53c-d84a-4cb0-b17a-999943a335f5","32","Parcela 32","","","","2026-08-13T23:12:59.330882+00:00","30000"
"5da5ff4f-c27e-4403-8c38-758cf4d84259","2783a53c-d84a-4cb0-b17a-999943a335f5","33","Parcela 33","","","","2026-08-13T23:12:59.330882+00:00","30000"
"0cf272dc-95b7-4d12-993a-f9e5d86a3c70","2783a53c-d84a-4cb0-b17a-999943a335f5","34","Parcela 34","","","","2026-08-13T23:12:59.330882+00:00","312135"
"c38ca2f7-3b42-47ee-997c-bf9580786af9","2783a53c-d84a-4cb0-b17a-999943a335f5","38","Parcela 38","","","","2026-08-14T02:11:37.53358+00:00","1230000"
"8f107ea4-2415-415b-8fdb-bafd74b0b696","2783a53c-d84a-4cb0-b17a-999943a335f5","1","Parcela 1","","","","2026-08-13T23:12:59.330882+00:00","0"
"5feecbe7-6306-4b51-856b-01fb00b480ac","2783a53c-d84a-4cb0-b17a-999943a335f5","19","Parcela 19","","","","2026-08-13T23:12:59.330882+00:00","0"
"f9a95c60-1eb8-4275-871e-b219398b5867","2783a53c-d84a-4cb0-b17a-999943a335f5","35","Parcela 35","","","","2026-08-13T23:12:59.330882+00:00","1230000"
"6897c93e-adf1-45bd-b106-bcc38e147224","2783a53c-d84a-4cb0-b17a-999943a335f5","36","Parcela 36","","","","2026-08-13T23:12:59.330882+00:00","1230000"
"60f61830-9efb-468c-89e8-da7d8b40e0c7","2783a53c-d84a-4cb0-b17a-999943a335f5","8","Parcela 8","","","","2026-08-13T23:12:59.330882+00:00","0"